,DAY_OF_WEEK,count,mean,std,min,25%,50%,75%,max
0,Sunday,38192.0,0.4712505236698785,0.49917931849537267,0.0,0.0,0.0,1.0,1.0
1,Monday,38544.0,0.45003113325031135,0.4975033003266498,0.0,0.0,0.0,1.0,1.0
2,Tuesday,36433.0,0.40125710207778664,0.49015960113311174,0.0,0.0,0.0,1.0,1.0
3,Wednesday,36493.0,0.4108185131395062,0.49198912108970755,0.0,0.0,0.0,1.0,1.0
4,Thursday,38354.0,0.45557177869322624,0.4980287141126466,0.0,0.0,0.0,1.0,1.0
5,Friday,38787.0,0.47724753138938303,0.4994884958133659,0.0,0.0,0.0,1.0,1.0
6,Saturday,33055.0,0.45082438360308574,0.49758340906105475,0.0,0.0,0.0,1.0,1.0
