,YEAR,count,mean,std,min,25%,50%,75%,max
0,2021,74374.0,0.3982977922392234,0.489550695329482,0.0,0.0,0.0,1.0,1.0
1,2022,86939.0,0.4642565476943604,0.49872363743285403,0.0,0.0,0.0,1.0,1.0
2,2023,98545.0,0.4653305596428028,0.4987991125152039,0.0,0.0,0.0,1.0,1.0
